Algorithm,KeySize,KeyGenerationTime(us),EncryptionTime(us),DecryptionTime(us),CiphertextSize(bytes),AttackResult
PQC,8192,5275,15404,8568,5476,QUANTUM_SAFE
PQC,8192,5699,12870,10693,5468,QUANTUM_SAFE
RSA,2048,495918,123,2403,256,BROKEN_UNDER_QUANTUM_ATTACK
RSA,2048,412624,209,4383,256,BROKEN_UNDER_QUANTUM_ATTACK
RSA,2048,484286,248,2079,256,BROKEN_UNDER_QUANTUM_ATTACK
PQC,8192,5122,12776,8675,5476,QUANTUM_SAFE
RSA,2048,492353,109,2260,256,BROKEN_UNDER_QUANTUM_ATTACK
PQC,8192,5779,14086,11633,5468,QUANTUM_SAFE
PQC,8192,5247,12206,10596,5472,QUANTUM_SAFE
PQC,8192,2970,6019,10237,5468,QUANTUM_SAFE
RSA,2048,347359,351,2608,256,BROKEN_UNDER_QUANTUM_ATTACK
RSA,2048,482732,103,4000,256,BROKEN_UNDER_QUANTUM_ATTACK
RSA,2048,252573,108,4599,256,BROKEN_UNDER_QUANTUM_ATTACK
PQC,8192,3631,16008,14207,5468,QUANTUM_SAFE
RSA,2048,414791,310,4079,256,BROKEN_UNDER_QUANTUM_ATTACK
RSA,2048,276854,140,4182,256,BROKEN_UNDER_QUANTUM_ATTACK
RSA,2048,389544,369,2153,256,BROKEN_UNDER_QUANTUM_ATTACK
PQC,8192,3252,11413,11941,5476,QUANTUM_SAFE
PQC,8192,5234,15047,8056,5468,QUANTUM_SAFE
RSA,2048,435413,310,3124,256,BROKEN_UNDER_QUANTUM_ATTACK
PQC,8192,3489,17891,9777,5468,QUANTUM_SAFE
PQC,8192,5170,11540,5038,5476,QUANTUM_SAFE
RSA,2048,375899,255,2372,256,BROKEN_UNDER_QUANTUM_ATTACK
RSA,2048,441703,257,2133,256,BROKEN_UNDER_QUANTUM_ATTACK
RSA,2048,359847,287,4349,256,BROKEN_UNDER_QUANTUM_ATTACK
RSA,2048,427643,293,4007,256,BROKEN_UNDER_QUANTUM_ATTACK
PQC,8192,4875,8713,10051,5468,QUANTUM_SAFE
PQC,8192,4675,18260,10864,5476,QUANTUM_SAFE
PQC,8192,3095,16964,10734,5472,QUANTUM_SAFE
PQC,8192,4956,19494,8654,5476,QUANTUM_SAFE
PQC,8192,4720,16639,6762,5468,QUANTUM_SAFE
RSA,2048,466222,197,2493,256,BROKEN_UNDER_QUANTUM_ATTACK
PQC,8192,3567,11154,10420,5468,QUANTUM_SAFE
PQC,8192,4898,12546,5077,5472,QUANTUM_SAFE
RSA,2048,452230,211,4563,256,BROKEN_UNDER_QUANTUM_ATTACK
RSA,2048,250846,302,3415,256,BROKEN_UNDER_QUANTUM_ATTACK
PQC,8192,5262,9628,11370,5468,QUANTUM_SAFE
RSA,2048,404893,291,2686,256,BROKEN_UNDER_QUANTUM_ATTACK
PQC,8192,5427,9780,6927,5468,QUANTUM_SAFE
PQC,8192,5602,10699,6241,5472,QUANTUM_SAFE
PQC,8192,3882,10607,5769,5472,QUANTUM_SAFE
RSA,2048,330642,122,4724,256,BROKEN_UNDER_QUANTUM_ATTACK
PQC,8192,2957,16251,11617,5468,QUANTUM_SAFE
PQC,8192,4291,5536,6625,5476,QUANTUM_SAFE
PQC,8192,2118,9285,11910,5472,QUANTUM_SAFE
PQC,8192,2872,10917,13787,5468,QUANTUM_SAFE
PQC,8192,2743,12394,14651,5468,QUANTUM_SAFE
PQC,8192,5503,7852,5987,5476,QUANTUM_SAFE
RSA,2048,402617,285,4982,256,BROKEN_UNDER_QUANTUM_ATTACK
PQC,8192,4197,11457,12509,5468,QUANTUM_SAFE
PQC,8192,3591,16303,11183,5476,QUANTUM_SAFE
PQC,8192,5397,7511,14986,5476,QUANTUM_SAFE
PQC,8192,2769,6343,9358,5468,QUANTUM_SAFE
PQC,8192,4327,8420,5301,5468,QUANTUM_SAFE
RSA,2048,497625,217,4853,256,BROKEN_UNDER_QUANTUM_ATTACK
PQC,8192,3352,6179,14074,5476,QUANTUM_SAFE
RSA,2048,344179,260,3603,256,BROKEN_UNDER_QUANTUM_ATTACK
RSA,2048,274285,350,3848,256,BROKEN_UNDER_QUANTUM_ATTACK
PQC,8192,5111,14516,5317,5468,QUANTUM_SAFE
RSA,2048,420883,237,4231,256,BROKEN_UNDER_QUANTUM_ATTACK
PQC,8192,3053,10926,11251,5476,QUANTUM_SAFE
PQC,8192,2546,10017,12999,5468,QUANTUM_SAFE
PQC,8192,5188,7529,7964,5472,QUANTUM_SAFE
RSA,2048,436201,118,2038,256,BROKEN_UNDER_QUANTUM_ATTACK
RSA,2048,375150,140,2715,256,BROKEN_UNDER_QUANTUM_ATTACK
RSA,2048,304028,219,2892,256,BROKEN_UNDER_QUANTUM_ATTACK
PQC,8192,4286,18367,11493,5476,QUANTUM_SAFE
RSA,2048,336365,362,3062,256,BROKEN_UNDER_QUANTUM_ATTACK
PQC,8192,2473,16383,11353,5472,QUANTUM_SAFE
PQC,8192,4183,13553,12353,5468,QUANTUM_SAFE
RSA,2048,273429,124,3676,256,BROKEN_UNDER_QUANTUM_ATTACK
RSA,2048,352023,285,2539,256,BROKEN_UNDER_QUANTUM_ATTACK
PQC,8192,5110,6970,13389,5472,QUANTUM_SAFE
PQC,8192,5028,12643,7681,5472,QUANTUM_SAFE
RSA,2048,387301,225,4859,256,BROKEN_UNDER_QUANTUM_ATTACK
RSA,2048,300669,297,4657,256,BROKEN_UNDER_QUANTUM_ATTACK
PQC,8192,3011,7274,9869,5476,QUANTUM_SAFE
PQC,8192,2956,6939,8953,5472,QUANTUM_SAFE
RSA,2048,465602,344,3449,256,BROKEN_UNDER_QUANTUM_ATTACK
RSA,2048,345081,113,2970,256,BROKEN_UNDER_QUANTUM_ATTACK
RSA,2048,375354,213,2302,256,BROKEN_UNDER_QUANTUM_ATTACK
RSA,2048,272574,220,4261,256,BROKEN_UNDER_QUANTUM_ATTACK
PQC,8192,5928,13006,7568,5468,QUANTUM_SAFE
PQC,8192,5238,17200,11602,5476,QUANTUM_SAFE
PQC,8192,5810,19948,13110,5472,QUANTUM_SAFE
PQC,8192,5468,12165,5301,5472,QUANTUM_SAFE
RSA,2048,404786,314,2732,256,BROKEN_UNDER_QUANTUM_ATTACK
RSA,2048,263224,390,2574,256,BROKEN_UNDER_QUANTUM_ATTACK
PQC,8192,5474,18949,10249,5468,QUANTUM_SAFE
RSA,2048,360017,326,2545,256,BROKEN_UNDER_QUANTUM_ATTACK
RSA,2048,489283,269,2837,256,BROKEN_UNDER_QUANTUM_ATTACK
PQC,8192,5356,17237,14435,5468,QUANTUM_SAFE
RSA,2048,441993,243,2884,256,BROKEN_UNDER_QUANTUM_ATTACK
PQC,8192,4415,16483,12504,5476,QUANTUM_SAFE
RSA,2048,278803,127,2771,256,BROKEN_UNDER_QUANTUM_ATTACK
RSA,2048,466541,201,4913,256,BROKEN_UNDER_QUANTUM_ATTACK
PQC,8192,2281,16036,11262,5476,QUANTUM_SAFE
PQC,8192,2659,19063,7010,5476,QUANTUM_SAFE
PQC,8192,2778,5213,8762,5468,QUANTUM_SAFE
PQC,8192,4743,13706,13894,5472,QUANTUM_SAFE
PQC,8192,5228,8719,7371,5468,QUANTUM_SAFE
RSA,2048,451139,310,3414,256,BROKEN_UNDER_QUANTUM_ATTACK
RSA,2048,393233,352,4546,256,BROKEN_UNDER_QUANTUM_ATTACK
PQC,8192,4253,19790,6875,5468,QUANTUM_SAFE
RSA,2048,325703,328,3312,256,BROKEN_UNDER_QUANTUM_ATTACK
RSA,2048,372788,260,2628,256,BROKEN_UNDER_QUANTUM_ATTACK
PQC,8192,2844,8271,8456,5468,QUANTUM_SAFE
RSA,2048,499753,125,2046,256,BROKEN_UNDER_QUANTUM_ATTACK
RSA,2048,278082,251,3668,256,BROKEN_UNDER_QUANTUM_ATTACK
RSA,2048,381026,261,4134,256,BROKEN_UNDER_QUANTUM_ATTACK
RSA,2048,448350,207,3274,256,BROKEN_UNDER_QUANTUM_ATTACK
RSA,2048,276201,359,2637,256,BROKEN_UNDER_QUANTUM_ATTACK
PQC,8192,3111,14503,7538,5468,QUANTUM_SAFE
RSA,2048,398757,334,4541,256,BROKEN_UNDER_QUANTUM_ATTACK
RSA,2048,425150,193,3773,256,BROKEN_UNDER_QUANTUM_ATTACK
RSA,2048,344848,379,4659,256,BROKEN_UNDER_QUANTUM_ATTACK
RSA,2048,473777,361,4100,256,BROKEN_UNDER_QUANTUM_ATTACK
RSA,2048,499002,128,3059,256,BROKEN_UNDER_QUANTUM_ATTACK
PQC,8192,2003,10966,13837,5472,QUANTUM_SAFE
PQC,8192,3655,8198,10374,5476,QUANTUM_SAFE
RSA,2048,366748,267,3619,256,BROKEN_UNDER_QUANTUM_ATTACK
RSA,2048,258155,250,3438,256,BROKEN_UNDER_QUANTUM_ATTACK
PQC,8192,2200,19151,8104,5476,QUANTUM_SAFE
PQC,8192,5695,8452,14106,5468,QUANTUM_SAFE
PQC,8192,5332,14610,5954,5472,QUANTUM_SAFE
PQC,8192,5822,16041,12805,5472,QUANTUM_SAFE
PQC,8192,2234,13010,11801,5476,QUANTUM_SAFE
PQC,8192,4461,19291,5685,5468,QUANTUM_SAFE
PQC,8192,4030,16352,9675,5472,QUANTUM_SAFE
RSA,2048,251917,238,4892,256,BROKEN_UNDER_QUANTUM_ATTACK
RSA,2048,256823,157,2880,256,BROKEN_UNDER_QUANTUM_ATTACK
RSA,2048,452592,122,2574,256,BROKEN_UNDER_QUANTUM_ATTACK
PQC,8192,4137,17941,14765,5468,QUANTUM_SAFE
RSA,2048,449569,293,4869,256,BROKEN_UNDER_QUANTUM_ATTACK
PQC,8192,3811,17792,8740,5476,QUANTUM_SAFE
RSA,2048,302142,219,2933,256,BROKEN_UNDER_QUANTUM_ATTACK
RSA,2048,424180,320,2819,256,BROKEN_UNDER_QUANTUM_ATTACK
PQC,8192,4852,17803,14579,5472,QUANTUM_SAFE
PQC,8192,3824,17661,7193,5476,QUANTUM_SAFE
PQC,8192,4808,7496,10962,5476,QUANTUM_SAFE
PQC,8192,5507,11456,9212,5472,QUANTUM_SAFE
PQC,8192,3339,13435,9107,5476,QUANTUM_SAFE
PQC,8192,3704,11924,5362,5468,QUANTUM_SAFE
PQC,8192,2981,14346,5587,5472,QUANTUM_SAFE
PQC,8192,5813,10588,7023,5476,QUANTUM_SAFE
PQC,8192,3422,19289,5671,5476,QUANTUM_SAFE
RSA,2048,478892,236,3218,256,BROKEN_UNDER_QUANTUM_ATTACK
PQC,8192,5587,10468,5920,5468,QUANTUM_SAFE
PQC,8192,2419,7204,6120,5468,QUANTUM_SAFE
RSA,2048,280682,106,4686,256,BROKEN_UNDER_QUANTUM_ATTACK
RSA,2048,429436,117,4068,256,BROKEN_UNDER_QUANTUM_ATTACK
PQC,8192,4026,19594,8744,5472,QUANTUM_SAFE
PQC,8192,3185,7394,14984,5476,QUANTUM_SAFE
PQC,8192,4785,11949,14521,5472,QUANTUM_SAFE
PQC,8192,3920,11852,11035,5476,QUANTUM_SAFE
PQC,8192,2992,14331,5190,5468,QUANTUM_SAFE
RSA,2048,315087,149,3492,256,BROKEN_UNDER_QUANTUM_ATTACK
PQC,8192,4479,14885,10154,5476,QUANTUM_SAFE
PQC,8192,2448,11019,10343,5472,QUANTUM_SAFE
RSA,2048,488297,382,3490,256,BROKEN_UNDER_QUANTUM_ATTACK
PQC,8192,4994,9703,11563,5472,QUANTUM_SAFE
PQC,8192,4946,14641,10394,5468,QUANTUM_SAFE
PQC,8192,3215,16312,12679,5468,QUANTUM_SAFE
RSA,2048,382079,173,3256,256,BROKEN_UNDER_QUANTUM_ATTACK
PQC,8192,4628,18727,12083,5468,QUANTUM_SAFE
RSA,2048,411087,194,2165,256,BROKEN_UNDER_QUANTUM_ATTACK
PQC,8192,4190,14184,7712,5468,QUANTUM_SAFE
PQC,8192,2804,19434,7731,5472,QUANTUM_SAFE
RSA,2048,464532,128,3445,256,BROKEN_UNDER_QUANTUM_ATTACK
PQC,8192,2277,18507,12059,5472,QUANTUM_SAFE
PQC,8192,5597,11943,12804,5472,QUANTUM_SAFE
PQC,8192,3245,5038,9875,5468,QUANTUM_SAFE
RSA,2048,278982,307,4665,256,BROKEN_UNDER_QUANTUM_ATTACK
RSA,2048,447177,273,2625,256,BROKEN_UNDER_QUANTUM_ATTACK
PQC,8192,5726,12232,9806,5476,QUANTUM_SAFE
PQC,8192,2400,13958,9389,5468,QUANTUM_SAFE
PQC,8192,5071,5612,5687,5476,QUANTUM_SAFE
RSA,2048,391688,365,4973,256,BROKEN_UNDER_QUANTUM_ATTACK
RSA,2048,424358,316,4914,256,BROKEN_UNDER_QUANTUM_ATTACK
PQC,8192,3051,18931,8627,5472,QUANTUM_SAFE
RSA,2048,355977,393,4786,256,BROKEN_UNDER_QUANTUM_ATTACK
RSA,2048,323972,335,2696,256,BROKEN_UNDER_QUANTUM_ATTACK
PQC,8192,2968,15829,6100,5468,QUANTUM_SAFE
RSA,2048,379295,165,2482,256,BROKEN_UNDER_QUANTUM_ATTACK
RSA,2048,438856,353,2920,256,BROKEN_UNDER_QUANTUM_ATTACK
RSA,2048,496319,188,2487,256,BROKEN_UNDER_QUANTUM_ATTACK
RSA,2048,440747,272,4810,256,BROKEN_UNDER_QUANTUM_ATTACK
PQC,8192,3205,8030,7872,5468,QUANTUM_SAFE
RSA,2048,331768,224,3621,256,BROKEN_UNDER_QUANTUM_ATTACK
RSA,2048,305147,360,2514,256,BROKEN_UNDER_QUANTUM_ATTACK
RSA,2048,303947,106,4180,256,BROKEN_UNDER_QUANTUM_ATTACK
PQC,8192,3294,11635,7255,5476,QUANTUM_SAFE
RSA,2048,307009,162,3508,256,BROKEN_UNDER_QUANTUM_ATTACK
RSA,2048,406542,100,4434,256,BROKEN_UNDER_QUANTUM_ATTACK
RSA,2048,454625,385,3358,256,BROKEN_UNDER_QUANTUM_ATTACK
RSA,2048,331929,220,3660,256,BROKEN_UNDER_QUANTUM_ATTACK
PQC,8192,3169,5830,6651,5468,QUANTUM_SAFE
PQC,8192,4038,10592,12392,5468,QUANTUM_SAFE
PQC,8192,2275,7740,7289,5476,QUANTUM_SAFE
PQC,8192,2057,12426,13533,5472,QUANTUM_SAFE
RSA,2048,327984,297,3283,256,BROKEN_UNDER_QUANTUM_ATTACK
PQC,8192,3429,19411,13770,5472,QUANTUM_SAFE
PQC,8192,4651,5781,12548,5468,QUANTUM_SAFE
RSA,2048,265254,306,3252,256,BROKEN_UNDER_QUANTUM_ATTACK
PQC,8192,4320,14127,12569,5476,QUANTUM_SAFE
PQC,8192,3000,14042,6388,5476,QUANTUM_SAFE
PQC,8192,2049,11807,11674,5476,QUANTUM_SAFE
PQC,8192,2628,12961,10827,5472,QUANTUM_SAFE
PQC,8192,5003,14670,5775,5476,QUANTUM_SAFE
RSA,2048,365033,317,4188,256,BROKEN_UNDER_QUANTUM_ATTACK
PQC,8192,3683,11619,13647,5468,QUANTUM_SAFE
PQC,8192,2419,17411,9517,5476,QUANTUM_SAFE
RSA,2048,451152,387,4081,256,BROKEN_UNDER_QUANTUM_ATTACK
RSA,2048,471796,359,4413,256,BROKEN_UNDER_QUANTUM_ATTACK
RSA,2048,346334,313,4675,256,BROKEN_UNDER_QUANTUM_ATTACK
PQC,8192,3931,8719,12123,5476,QUANTUM_SAFE
PQC,8192,3790,5660,6348,5468,QUANTUM_SAFE
RSA,2048,405026,376,3028,256,BROKEN_UNDER_QUANTUM_ATTACK
PQC,8192,2935,15487,5155,5476,QUANTUM_SAFE
RSA,2048,426072,252,2487,256,BROKEN_UNDER_QUANTUM_ATTACK
PQC,8192,4933,16476,10348,5476,QUANTUM_SAFE
RSA,2048,427648,151,3291,256,BROKEN_UNDER_QUANTUM_ATTACK
RSA,2048,381926,323,4432,256,BROKEN_UNDER_QUANTUM_ATTACK
PQC,8192,4000,15948,14860,5472,QUANTUM_SAFE
PQC,8192,4817,15853,14424,5476,QUANTUM_SAFE
RSA,2048,326619,356,4180,256,BROKEN_UNDER_QUANTUM_ATTACK
RSA,2048,302921,162,3148,256,BROKEN_UNDER_QUANTUM_ATTACK
PQC,8192,5134,10258,10618,5468,QUANTUM_SAFE
PQC,8192,3460,15901,6733,5472,QUANTUM_SAFE
PQC,8192,5998,15321,7403,5472,QUANTUM_SAFE
RSA,2048,334478,269,4047,256,BROKEN_UNDER_QUANTUM_ATTACK
PQC,8192,3240,5060,14130,5472,QUANTUM_SAFE
PQC,8192,5136,18319,12468,5476,QUANTUM_SAFE
PQC,8192,2884,8564,6389,5472,QUANTUM_SAFE
RSA,2048,273061,100,4692,256,BROKEN_UNDER_QUANTUM_ATTACK
PQC,8192,3099,5541,10433,5472,QUANTUM_SAFE
PQC,8192,2284,17350,9757,5472,QUANTUM_SAFE
PQC,8192,2163,13656,9592,5476,QUANTUM_SAFE
RSA,2048,400262,125,3890,256,BROKEN_UNDER_QUANTUM_ATTACK
PQC,8192,4601,15636,7672,5468,QUANTUM_SAFE
PQC,8192,5350,9443,11770,5472,QUANTUM_SAFE
RSA,2048,292080,109,2241,256,BROKEN_UNDER_QUANTUM_ATTACK
RSA,2048,365395,368,4608,256,BROKEN_UNDER_QUANTUM_ATTACK
PQC,8192,2977,10104,7143,5476,QUANTUM_SAFE
PQC,8192,5398,9312,6324,5472,QUANTUM_SAFE
RSA,2048,452779,142,3704,256,BROKEN_UNDER_QUANTUM_ATTACK
PQC,8192,3781,10906,7591,5468,QUANTUM_SAFE
RSA,2048,358777,189,2313,256,BROKEN_UNDER_QUANTUM_ATTACK
RSA,2048,303682,202,2763,256,BROKEN_UNDER_QUANTUM_ATTACK
PQC,8192,5640,17086,12982,5472,QUANTUM_SAFE
PQC,8192,4875,17755,8525,5472,QUANTUM_SAFE
RSA,2048,296857,248,2651,256,BROKEN_UNDER_QUANTUM_ATTACK
PQC,8192,2148,8850,10415,5476,QUANTUM_SAFE
PQC,8192,2306,12979,8665,5472,QUANTUM_SAFE
PQC,8192,3031,14337,11819,5472,QUANTUM_SAFE
PQC,8192,2425,12561,7719,5476,QUANTUM_SAFE
PQC,8192,4336,17666,10892,5472,QUANTUM_SAFE
RSA,2048,393254,381,2249,256,BROKEN_UNDER_QUANTUM_ATTACK
RSA,2048,333300,197,3290,256,BROKEN_UNDER_QUANTUM_ATTACK
RSA,2048,429917,176,4012,256,BROKEN_UNDER_QUANTUM_ATTACK
RSA,2048,344018,141,4684,256,BROKEN_UNDER_QUANTUM_ATTACK
PQC,8192,4790,12462,10105,5476,QUANTUM_SAFE
PQC,8192,5267,9406,13453,5476,QUANTUM_SAFE
RSA,2048,291846,384,4204,256,BROKEN_UNDER_QUANTUM_ATTACK
RSA,2048,368413,391,2480,256,BROKEN_UNDER_QUANTUM_ATTACK
PQC,8192,4989,10891,6080,5468,QUANTUM_SAFE
RSA,2048,466997,361,4261,256,BROKEN_UNDER_QUANTUM_ATTACK
RSA,2048,285222,161,3751,256,BROKEN_UNDER_QUANTUM_ATTACK
PQC,8192,3496,5098,7200,5468,QUANTUM_SAFE
RSA,2048,440632,316,2377,256,BROKEN_UNDER_QUANTUM_ATTACK
PQC,8192,2284,9811,13954,5476,QUANTUM_SAFE
PQC,8192,3708,18673,11284,5476,QUANTUM_SAFE
RSA,2048,413121,367,3984,256,BROKEN_UNDER_QUANTUM_ATTACK
PQC,8192,2424,11272,5571,5468,QUANTUM_SAFE
RSA,2048,396451,372,4630,256,BROKEN_UNDER_QUANTUM_ATTACK
RSA,2048,481055,129,2236,256,BROKEN_UNDER_QUANTUM_ATTACK
PQC,8192,3206,9481,12898,5468,QUANTUM_SAFE
PQC,8192,2010,16517,11166,5476,QUANTUM_SAFE
RSA,2048,452967,283,4062,256,BROKEN_UNDER_QUANTUM_ATTACK
RSA,2048,273567,161,4928,256,BROKEN_UNDER_QUANTUM_ATTACK
RSA,2048,444555,101,4272,256,BROKEN_UNDER_QUANTUM_ATTACK
PQC,8192,4791,17144,5986,5468,QUANTUM_SAFE
PQC,8192,5247,14087,11416,5468,QUANTUM_SAFE
RSA,2048,279855,108,3682,256,BROKEN_UNDER_QUANTUM_ATTACK
PQC,8192,4368,5285,5148,5472,QUANTUM_SAFE
RSA,2048,380330,168,3683,256,BROKEN_UNDER_QUANTUM_ATTACK
RSA,2048,267014,248,2661,256,BROKEN_UNDER_QUANTUM_ATTACK
PQC,8192,2034,17732,11236,5472,QUANTUM_SAFE
RSA,2048,438938,109,2782,256,BROKEN_UNDER_QUANTUM_ATTACK
PQC,8192,2548,13503,7920,5476,QUANTUM_SAFE
PQC,8192,3184,6012,14715,5472,QUANTUM_SAFE
RSA,2048,453981,375,4001,256,BROKEN_UNDER_QUANTUM_ATTACK
RSA,2048,364585,189,2417,256,BROKEN_UNDER_QUANTUM_ATTACK
PQC,8192,5152,5698,9737,5472,QUANTUM_SAFE
RSA,2048,467322,121,4907,256,BROKEN_UNDER_QUANTUM_ATTACK
RSA,2048,315725,274,2562,256,BROKEN_UNDER_QUANTUM_ATTACK
PQC,8192,5478,11374,11892,5476,QUANTUM_SAFE
RSA,2048,365357,368,3283,256,BROKEN_UNDER_QUANTUM_ATTACK
RSA,2048,493374,183,3562,256,BROKEN_UNDER_QUANTUM_ATTACK
PQC,8192,2664,5011,10252,5472,QUANTUM_SAFE
PQC,8192,4524,6069,8444,5472,QUANTUM_SAFE
RSA,2048,408417,260,2015,256,BROKEN_UNDER_QUANTUM_ATTACK
PQC,8192,2747,16096,13666,5476,QUANTUM_SAFE
PQC,8192,5451,17649,12616,5468,QUANTUM_SAFE
PQC,8192,3515,11949,7433,5468,QUANTUM_SAFE
RSA,2048,415873,245,3981,256,BROKEN_UNDER_QUANTUM_ATTACK
PQC,8192,2904,18364,12083,5476,QUANTUM_SAFE
RSA,2048,263428,291,4066,256,BROKEN_UNDER_QUANTUM_ATTACK
RSA,2048,424018,271,4044,256,BROKEN_UNDER_QUANTUM_ATTACK
PQC,8192,4398,8983,14503,5472,QUANTUM_SAFE
PQC,8192,5029,6930,11287,5468,QUANTUM_SAFE
PQC,8192,4825,11488,9737,5472,QUANTUM_SAFE
PQC,8192,5369,18922,5262,5472,QUANTUM_SAFE
PQC,8192,3434,17936,9413,5468,QUANTUM_SAFE
PQC,8192,3661,17595,6969,5472,QUANTUM_SAFE
RSA,2048,376498,246,3565,256,BROKEN_UNDER_QUANTUM_ATTACK
PQC,8192,3667,14829,9114,5472,QUANTUM_SAFE
RSA,2048,366981,329,4708,256,BROKEN_UNDER_QUANTUM_ATTACK
RSA,2048,486902,297,3479,256,BROKEN_UNDER_QUANTUM_ATTACK
RSA,2048,388563,318,4239,256,BROKEN_UNDER_QUANTUM_ATTACK
RSA,2048,489931,113,2241,256,BROKEN_UNDER_QUANTUM_ATTACK
RSA,2048,291914,350,3202,256,BROKEN_UNDER_QUANTUM_ATTACK
RSA,2048,447459,251,3931,256,BROKEN_UNDER_QUANTUM_ATTACK
RSA,2048,291755,180,3137,256,BROKEN_UNDER_QUANTUM_ATTACK
PQC,8192,3077,13427,13580,5472,QUANTUM_SAFE
PQC,8192,4021,18234,10560,5472,QUANTUM_SAFE
PQC,8192,2984,17835,11868,5472,QUANTUM_SAFE
RSA,2048,314820,357,4391,256,BROKEN_UNDER_QUANTUM_ATTACK
RSA,2048,262857,114,3980,256,BROKEN_UNDER_QUANTUM_ATTACK
PQC,8192,4746,18623,10126,5476,QUANTUM_SAFE
PQC,8192,2684,5716,12939,5472,QUANTUM_SAFE
RSA,2048,287991,309,4601,256,BROKEN_UNDER_QUANTUM_ATTACK
RSA,2048,266364,103,4839,256,BROKEN_UNDER_QUANTUM_ATTACK
RSA,2048,273419,278,2863,256,BROKEN_UNDER_QUANTUM_ATTACK
RSA,2048,408056,189,3009,256,BROKEN_UNDER_QUANTUM_ATTACK
RSA,2048,378575,229,3845,256,BROKEN_UNDER_QUANTUM_ATTACK
PQC,8192,2938,9805,5806,5476,QUANTUM_SAFE
PQC,8192,2459,12568,9646,5468,QUANTUM_SAFE
PQC,8192,4572,18471,14914,5476,QUANTUM_SAFE
RSA,2048,268743,340,2444,256,BROKEN_UNDER_QUANTUM_ATTACK
RSA,2048,285435,287,3121,256,BROKEN_UNDER_QUANTUM_ATTACK
RSA,2048,440868,301,4085,256,BROKEN_UNDER_QUANTUM_ATTACK
PQC,8192,5036,10947,7494,5472,QUANTUM_SAFE
PQC,8192,4768,17145,8186,5468,QUANTUM_SAFE
RSA,2048,266456,235,3376,256,BROKEN_UNDER_QUANTUM_ATTACK
RSA,2048,473810,278,4601,256,BROKEN_UNDER_QUANTUM_ATTACK
PQC,8192,2574,15102,10108,5468,QUANTUM_SAFE
PQC,8192,5377,17060,14400,5476,QUANTUM_SAFE
PQC,8192,5533,16990,14467,5468,QUANTUM_SAFE
RSA,2048,464357,244,2510,256,BROKEN_UNDER_QUANTUM_ATTACK
RSA,2048,343747,126,3692,256,BROKEN_UNDER_QUANTUM_ATTACK
PQC,8192,2631,5905,7014,5472,QUANTUM_SAFE
RSA,2048,426492,300,2153,256,BROKEN_UNDER_QUANTUM_ATTACK
RSA,2048,414644,355,3757,256,BROKEN_UNDER_QUANTUM_ATTACK
PQC,8192,2570,5610,6727,5476,QUANTUM_SAFE
PQC,8192,2271,8511,6771,5476,QUANTUM_SAFE
PQC,8192,3062,6976,6296,5476,QUANTUM_SAFE
RSA,2048,316617,221,2512,256,BROKEN_UNDER_QUANTUM_ATTACK
PQC,8192,2593,10548,6826,5472,QUANTUM_SAFE
RSA,2048,420286,183,3682,256,BROKEN_UNDER_QUANTUM_ATTACK
PQC,8192,3810,13915,5224,5468,QUANTUM_SAFE
RSA,2048,363632,363,3595,256,BROKEN_UNDER_QUANTUM_ATTACK
PQC,8192,5224,12141,6622,5468,QUANTUM_SAFE
RSA,2048,393273,342,3394,256,BROKEN_UNDER_QUANTUM_ATTACK
PQC,8192,4863,7255,6154,5472,QUANTUM_SAFE
PQC,8192,3482,19423,13322,5472,QUANTUM_SAFE
RSA,2048,341357,136,2988,256,BROKEN_UNDER_QUANTUM_ATTACK
RSA,2048,461426,106,4202,256,BROKEN_UNDER_QUANTUM_ATTACK
RSA,2048,343384,223,2186,256,BROKEN_UNDER_QUANTUM_ATTACK
RSA,2048,324520,352,4869,256,BROKEN_UNDER_QUANTUM_ATTACK
PQC,8192,4956,6581,12714,5468,QUANTUM_SAFE
PQC,8192,4848,9493,14492,5476,QUANTUM_SAFE
PQC,8192,5609,16745,14645,5472,QUANTUM_SAFE
PQC,8192,5967,11445,14114,5472,QUANTUM_SAFE
RSA,2048,433305,294,2629,256,BROKEN_UNDER_QUANTUM_ATTACK
PQC,8192,5854,18365,7491,5468,QUANTUM_SAFE
RSA,2048,336661,350,4266,256,BROKEN_UNDER_QUANTUM_ATTACK
PQC,8192,4493,11813,5632,5476,QUANTUM_SAFE
PQC,8192,3525,19139,6646,5472,QUANTUM_SAFE
RSA,2048,405576,111,3353,256,BROKEN_UNDER_QUANTUM_ATTACK
RSA,2048,416619,339,2924,256,BROKEN_UNDER_QUANTUM_ATTACK
RSA,2048,293001,392,4108,256,BROKEN_UNDER_QUANTUM_ATTACK
RSA,2048,375501,231,2600,256,BROKEN_UNDER_QUANTUM_ATTACK
PQC,8192,5648,18140,6537,5472,QUANTUM_SAFE
RSA,2048,375808,193,4551,256,BROKEN_UNDER_QUANTUM_ATTACK
RSA,2048,472724,347,2363,256,BROKEN_UNDER_QUANTUM_ATTACK
RSA,2048,261555,381,2028,256,BROKEN_UNDER_QUANTUM_ATTACK
RSA,2048,447484,146,4914,256,BROKEN_UNDER_QUANTUM_ATTACK
RSA,2048,269956,260,4224,256,BROKEN_UNDER_QUANTUM_ATTACK
RSA,2048,408338,356,3028,256,BROKEN_UNDER_QUANTUM_ATTACK
PQC,8192,3996,19683,5504,5476,QUANTUM_SAFE
RSA,2048,449083,126,2159,256,BROKEN_UNDER_QUANTUM_ATTACK
PQC,8192,2984,10776,8676,5468,QUANTUM_SAFE
RSA,2048,286321,181,4444,256,BROKEN_UNDER_QUANTUM_ATTACK
PQC,8192,2130,18482,7983,5472,QUANTUM_SAFE
PQC,8192,5419,19430,12239,5476,QUANTUM_SAFE
PQC,8192,4454,14658,8674,5472,QUANTUM_SAFE
RSA,2048,359556,233,2795,256,BROKEN_UNDER_QUANTUM_ATTACK
RSA,2048,448635,235,3495,256,BROKEN_UNDER_QUANTUM_ATTACK
RSA,2048,465814,358,2282,256,BROKEN_UNDER_QUANTUM_ATTACK
PQC,8192,2928,11132,12891,5468,QUANTUM_SAFE
RSA,2048,359575,346,3858,256,BROKEN_UNDER_QUANTUM_ATTACK
PQC,8192,5051,5004,10222,5472,QUANTUM_SAFE
PQC,8192,3440,17592,13927,5468,QUANTUM_SAFE
PQC,8192,4430,15246,5458,5472,QUANTUM_SAFE
PQC,8192,4779,9964,9835,5476,QUANTUM_SAFE
RSA,2048,457980,197,2804,256,BROKEN_UNDER_QUANTUM_ATTACK
RSA,2048,478275,152,3167,256,BROKEN_UNDER_QUANTUM_ATTACK
PQC,8192,4139,16221,6549,5476,QUANTUM_SAFE
RSA,2048,431589,286,4224,256,BROKEN_UNDER_QUANTUM_ATTACK
RSA,2048,268030,337,4410,256,BROKEN_UNDER_QUANTUM_ATTACK
PQC,8192,5140,12266,9491,5468,QUANTUM_SAFE
PQC,8192,2586,6648,10539,5472,QUANTUM_SAFE
PQC,8192,4729,15823,11295,5468,QUANTUM_SAFE
PQC,8192,2482,8179,6249,5468,QUANTUM_SAFE
PQC,8192,4280,5523,7393,5472,QUANTUM_SAFE
RSA,2048,481109,146,4125,256,BROKEN_UNDER_QUANTUM_ATTACK
RSA,2048,355864,398,2245,256,BROKEN_UNDER_QUANTUM_ATTACK
PQC,8192,3471,12667,10742,5468,QUANTUM_SAFE
RSA,2048,409033,121,2409,256,BROKEN_UNDER_QUANTUM_ATTACK
PQC,8192,2797,12409,12418,5468,QUANTUM_SAFE
PQC,8192,3932,12326,11371,5468,QUANTUM_SAFE
RSA,2048,420515,251,3712,256,BROKEN_UNDER_QUANTUM_ATTACK
PQC,8192,4470,16861,9624,5472,QUANTUM_SAFE
PQC,8192,4773,14435,8097,5468,QUANTUM_SAFE
RSA,2048,262115,250,4431,256,BROKEN_UNDER_QUANTUM_ATTACK
RSA,2048,339588,213,3516,256,BROKEN_UNDER_QUANTUM_ATTACK
RSA,2048,336807,316,2763,256,BROKEN_UNDER_QUANTUM_ATTACK
PQC,8192,2201,15173,5995,5472,QUANTUM_SAFE
PQC,8192,3205,17951,6990,5472,QUANTUM_SAFE
PQC,8192,3635,5395,12400,5476,QUANTUM_SAFE
PQC,8192,4097,19082,10068,5476,QUANTUM_SAFE
RSA,2048,374243,191,3390,256,BROKEN_UNDER_QUANTUM_ATTACK
PQC,8192,2923,6125,6529,5476,QUANTUM_SAFE
RSA,2048,495378,301,2754,256,BROKEN_UNDER_QUANTUM_ATTACK
RSA,2048,292963,148,4964,256,BROKEN_UNDER_QUANTUM_ATTACK
RSA,2048,495462,227,2735,256,BROKEN_UNDER_QUANTUM_ATTACK
RSA,2048,304061,388,3310,256,BROKEN_UNDER_QUANTUM_ATTACK
RSA,2048,388782,183,3687,256,BROKEN_UNDER_QUANTUM_ATTACK
PQC,8192,2943,19289,11150,5472,QUANTUM_SAFE
PQC,8192,4461,9346,14996,5468,QUANTUM_SAFE
PQC,8192,5174,15433,12014,5472,QUANTUM_SAFE
PQC,8192,4757,8920,13186,5468,QUANTUM_SAFE
PQC,8192,3686,11257,14793,5468,QUANTUM_SAFE
RSA,2048,446501,217,3300,256,BROKEN_UNDER_QUANTUM_ATTACK
PQC,8192,5335,5661,8374,5468,QUANTUM_SAFE
PQC,8192,2002,17447,12906,5472,QUANTUM_SAFE
PQC,8192,2206,10134,10977,5472,QUANTUM_SAFE
RSA,2048,333186,221,2749,256,BROKEN_UNDER_QUANTUM_ATTACK
RSA,2048,359472,319,3014,256,BROKEN_UNDER_QUANTUM_ATTACK
PQC,8192,2355,9286,8738,5472,QUANTUM_SAFE
PQC,8192,5289,5502,11910,5472,QUANTUM_SAFE
RSA,2048,467569,315,4527,256,BROKEN_UNDER_QUANTUM_ATTACK
PQC,8192,3693,14874,9752,5476,QUANTUM_SAFE
PQC,8192,4729,19892,14789,5468,QUANTUM_SAFE
PQC,8192,4606,5526,11748,5472,QUANTUM_SAFE
RSA,2048,387328,282,4528,256,BROKEN_UNDER_QUANTUM_ATTACK
RSA,2048,303551,392,3763,256,BROKEN_UNDER_QUANTUM_ATTACK
RSA,2048,320831,189,2913,256,BROKEN_UNDER_QUANTUM_ATTACK
RSA,2048,473180,336,3312,256,BROKEN_UNDER_QUANTUM_ATTACK
PQC,8192,3256,7064,12009,5468,QUANTUM_SAFE
PQC,8192,4900,17173,9673,5476,QUANTUM_SAFE
RSA,2048,447629,153,3129,256,BROKEN_UNDER_QUANTUM_ATTACK
PQC,8192,4730,8531,12147,5468,QUANTUM_SAFE
PQC,8192,5983,6778,12902,5476,QUANTUM_SAFE
PQC,8192,4563,8292,8586,5468,QUANTUM_SAFE
RSA,2048,299138,130,4582,256,BROKEN_UNDER_QUANTUM_ATTACK
PQC,8192,5500,6165,13567,5472,QUANTUM_SAFE
RSA,2048,317215,185,4744,256,BROKEN_UNDER_QUANTUM_ATTACK
PQC,8192,2906,16296,12813,5476,QUANTUM_SAFE
PQC,8192,4560,10415,8391,5472,QUANTUM_SAFE
PQC,8192,5820,13529,5878,5468,QUANTUM_SAFE
RSA,2048,463458,314,2330,256,BROKEN_UNDER_QUANTUM_ATTACK
PQC,8192,3836,12240,11937,5468,QUANTUM_SAFE
RSA,2048,370030,283,4542,256,BROKEN_UNDER_QUANTUM_ATTACK
RSA,2048,393087,210,2760,256,BROKEN_UNDER_QUANTUM_ATTACK
PQC,8192,2085,6198,10238,5472,QUANTUM_SAFE
PQC,8192,5145,13895,11404,5472,QUANTUM_SAFE
RSA,2048,412552,338,4626,256,BROKEN_UNDER_QUANTUM_ATTACK
PQC,8192,4382,14633,14989,5476,QUANTUM_SAFE
RSA,2048,381456,105,2475,256,BROKEN_UNDER_QUANTUM_ATTACK
RSA,2048,310692,348,2675,256,BROKEN_UNDER_QUANTUM_ATTACK
PQC,8192,3365,14435,9998,5476,QUANTUM_SAFE
PQC,8192,4906,9225,7978,5472,QUANTUM_SAFE
PQC,8192,5201,10179,11610,5476,QUANTUM_SAFE
RSA,2048,378583,247,3333,256,BROKEN_UNDER_QUANTUM_ATTACK
PQC,8192,2920,13190,8430,5468,QUANTUM_SAFE
RSA,2048,342601,360,2772,256,BROKEN_UNDER_QUANTUM_ATTACK
PQC,8192,5097,18746,11316,5468,QUANTUM_SAFE
RSA,2048,401734,138,4544,256,BROKEN_UNDER_QUANTUM_ATTACK
PQC,8192,4444,9107,10726,5472,QUANTUM_SAFE
PQC,8192,3861,16048,5685,5468,QUANTUM_SAFE
RSA,2048,358856,163,4933,256,BROKEN_UNDER_QUANTUM_ATTACK
PQC,8192,4041,16016,12513,5468,QUANTUM_SAFE
PQC,8192,5293,10797,14138,5476,QUANTUM_SAFE
RSA,2048,276916,140,4365,256,BROKEN_UNDER_QUANTUM_ATTACK
PQC,8192,2459,14146,13050,5472,QUANTUM_SAFE
RSA,2048,317494,300,3683,256,BROKEN_UNDER_QUANTUM_ATTACK
RSA,2048,379473,109,4871,256,BROKEN_UNDER_QUANTUM_ATTACK
PQC,8192,3464,19531,5689,5468,QUANTUM_SAFE
RSA,2048,441533,254,3136,256,BROKEN_UNDER_QUANTUM_ATTACK
RSA,2048,267347,124,3603,256,BROKEN_UNDER_QUANTUM_ATTACK
RSA,2048,398922,202,3296,256,BROKEN_UNDER_QUANTUM_ATTACK
RSA,2048,412932,327,4625,256,BROKEN_UNDER_QUANTUM_ATTACK
RSA,2048,482793,209,4467,256,BROKEN_UNDER_QUANTUM_ATTACK
PQC,8192,3633,15344,12266,5476,QUANTUM_SAFE
RSA,2048,426517,181,4930,256,BROKEN_UNDER_QUANTUM_ATTACK
PQC,8192,2492,18737,14323,5472,QUANTUM_SAFE
PQC,8192,4906,15674,6331,5468,QUANTUM_SAFE
PQC,8192,5308,18184,8343,5468,QUANTUM_SAFE
PQC,8192,2920,11881,14547,5472,QUANTUM_SAFE
PQC,8192,3999,18965,8124,5468,QUANTUM_SAFE
RSA,2048,429761,194,3486,256,BROKEN_UNDER_QUANTUM_ATTACK
PQC,8192,4668,10101,12843,5476,QUANTUM_SAFE
PQC,8192,2453,13228,14903,5468,QUANTUM_SAFE
RSA,2048,257896,304,2581,256,BROKEN_UNDER_QUANTUM_ATTACK
RSA,2048,276069,133,2622,256,BROKEN_UNDER_QUANTUM_ATTACK
PQC,8192,3950,10175,13648,5476,QUANTUM_SAFE
PQC,8192,3287,8911,14905,5472,QUANTUM_SAFE
RSA,2048,269830,121,4797,256,BROKEN_UNDER_QUANTUM_ATTACK
RSA,2048,305230,306,2352,256,BROKEN_UNDER_QUANTUM_ATTACK
PQC,8192,4171,13266,8471,5468,QUANTUM_SAFE
PQC,8192,4848,19056,6949,5468,QUANTUM_SAFE
RSA,2048,364352,198,3571,256,BROKEN_UNDER_QUANTUM_ATTACK
PQC,8192,4783,16023,10063,5472,QUANTUM_SAFE
PQC,8192,3709,8633,11342,5476,QUANTUM_SAFE
RSA,2048,412491,181,2513,256,BROKEN_UNDER_QUANTUM_ATTACK
RSA,2048,442404,221,3567,256,BROKEN_UNDER_QUANTUM_ATTACK
PQC,8192,4386,16911,14580,5468,QUANTUM_SAFE
RSA,2048,388429,323,2036,256,BROKEN_UNDER_QUANTUM_ATTACK
PQC,8192,2525,11477,5001,5476,QUANTUM_SAFE
RSA,2048,401426,143,3577,256,BROKEN_UNDER_QUANTUM_ATTACK
PQC,8192,4735,13007,6521,5476,QUANTUM_SAFE
PQC,8192,2186,16046,14442,5472,QUANTUM_SAFE
RSA,2048,483841,223,3129,256,BROKEN_UNDER_QUANTUM_ATTACK
RSA,2048,273289,246,4489,256,BROKEN_UNDER_QUANTUM_ATTACK
RSA,2048,311063,355,2359,256,BROKEN_UNDER_QUANTUM_ATTACK
PQC,8192,2054,12643,8462,5468,QUANTUM_SAFE
PQC,8192,4049,10423,9548,5468,QUANTUM_SAFE
PQC,8192,3312,9259,13286,5472,QUANTUM_SAFE
RSA,2048,480907,216,2133,256,BROKEN_UNDER_QUANTUM_ATTACK
RSA,2048,359079,261,2593,256,BROKEN_UNDER_QUANTUM_ATTACK
PQC,8192,5234,16983,5956,5468,QUANTUM_SAFE
PQC,8192,5325,14949,9452,5476,QUANTUM_SAFE
RSA,2048,288765,100,2050,256,BROKEN_UNDER_QUANTUM_ATTACK
RSA,2048,319626,116,2329,256,BROKEN_UNDER_QUANTUM_ATTACK
RSA,2048,323794,399,4428,256,BROKEN_UNDER_QUANTUM_ATTACK
PQC,8192,5839,17553,10656,5472,QUANTUM_SAFE
RSA,2048,355361,310,2661,256,BROKEN_UNDER_QUANTUM_ATTACK
PQC,8192,3899,12734,6267,5468,QUANTUM_SAFE
PQC,8192,5110,14005,7032,5468,QUANTUM_SAFE
RSA,2048,391888,276,4050,256,BROKEN_UNDER_QUANTUM_ATTACK
PQC,8192,3460,19140,7723,5468,QUANTUM_SAFE
RSA,2048,467841,319,3081,256,BROKEN_UNDER_QUANTUM_ATTACK
PQC,8192,2269,15831,10724,5472,QUANTUM_SAFE
RSA,2048,269873,119,4634,256,BROKEN_UNDER_QUANTUM_ATTACK
PQC,8192,2592,14879,5572,5472,QUANTUM_SAFE
RSA,2048,305506,251,3132,256,BROKEN_UNDER_QUANTUM_ATTACK
PQC,8192,3416,7547,7979,5472,QUANTUM_SAFE
RSA,2048,324071,393,3979,256,BROKEN_UNDER_QUANTUM_ATTACK
PQC,8192,5851,8440,8766,5468,QUANTUM_SAFE
PQC,8192,4888,19502,10393,5468,QUANTUM_SAFE
PQC,8192,2335,10878,14087,5476,QUANTUM_SAFE
RSA,2048,313278,393,4190,256,BROKEN_UNDER_QUANTUM_ATTACK
PQC,8192,4265,5936,11402,5472,QUANTUM_SAFE
PQC,8192,5547,7747,14167,5476,QUANTUM_SAFE
PQC,8192,3733,10535,9931,5476,QUANTUM_SAFE
PQC,8192,5608,11609,10387,5476,QUANTUM_SAFE
PQC,8192,3976,18698,10626,5468,QUANTUM_SAFE
RSA,2048,259496,227,3134,256,BROKEN_UNDER_QUANTUM_ATTACK
PQC,8192,3602,11659,5441,5468,QUANTUM_SAFE
RSA,2048,462781,120,2406,256,BROKEN_UNDER_QUANTUM_ATTACK
PQC,8192,2147,11420,5365,5476,QUANTUM_SAFE
RSA,2048,294247,253,2525,256,BROKEN_UNDER_QUANTUM_ATTACK
RSA,2048,485659,146,4048,256,BROKEN_UNDER_QUANTUM_ATTACK
RSA,2048,367845,383,4625,256,BROKEN_UNDER_QUANTUM_ATTACK
RSA,2048,353145,294,2470,256,BROKEN_UNDER_QUANTUM_ATTACK
RSA,2048,348864,141,4725,256,BROKEN_UNDER_QUANTUM_ATTACK
RSA,2048,360616,138,2130,256,BROKEN_UNDER_QUANTUM_ATTACK
PQC,8192,4046,17109,10626,5468,QUANTUM_SAFE
RSA,2048,497754,137,4038,256,BROKEN_UNDER_QUANTUM_ATTACK
RSA,2048,424480,175,4936,256,BROKEN_UNDER_QUANTUM_ATTACK
RSA,2048,418964,218,3015,256,BROKEN_UNDER_QUANTUM_ATTACK
RSA,2048,470861,395,4767,256,BROKEN_UNDER_QUANTUM_ATTACK
RSA,2048,476389,191,4720,256,BROKEN_UNDER_QUANTUM_ATTACK
RSA,2048,302638,100,3396,256,BROKEN_UNDER_QUANTUM_ATTACK
RSA,2048,412728,211,3036,256,BROKEN_UNDER_QUANTUM_ATTACK
RSA,2048,462521,200,3541,256,BROKEN_UNDER_QUANTUM_ATTACK
RSA,2048,451207,330,4008,256,BROKEN_UNDER_QUANTUM_ATTACK
PQC,8192,3285,9311,12314,5468,QUANTUM_SAFE
RSA,2048,371237,330,2799,256,BROKEN_UNDER_QUANTUM_ATTACK
RSA,2048,273711,110,2649,256,BROKEN_UNDER_QUANTUM_ATTACK
PQC,8192,4132,17057,11471,5472,QUANTUM_SAFE
PQC,8192,2292,12832,13623,5468,QUANTUM_SAFE
PQC,8192,4246,6449,7539,5472,QUANTUM_SAFE
PQC,8192,5490,16869,14310,5468,QUANTUM_SAFE
PQC,8192,5155,13321,8814,5472,QUANTUM_SAFE
RSA,2048,253754,288,3376,256,BROKEN_UNDER_QUANTUM_ATTACK
PQC,8192,4661,6750,9757,5468,QUANTUM_SAFE
PQC,8192,4737,16938,7427,5468,QUANTUM_SAFE
PQC,8192,2697,7179,14596,5472,QUANTUM_SAFE
PQC,8192,5304,8763,10232,5472,QUANTUM_SAFE
PQC,8192,3040,19859,14109,5468,QUANTUM_SAFE
PQC,8192,4966,8374,11430,5476,QUANTUM_SAFE
RSA,2048,498710,135,2684,256,BROKEN_UNDER_QUANTUM_ATTACK
RSA,2048,464951,227,4598,256,BROKEN_UNDER_QUANTUM_ATTACK
RSA,2048,300861,221,2142,256,BROKEN_UNDER_QUANTUM_ATTACK
RSA,2048,340982,382,2392,256,BROKEN_UNDER_QUANTUM_ATTACK
PQC,8192,3759,19538,13789,5472,QUANTUM_SAFE
RSA,2048,467285,344,3082,256,BROKEN_UNDER_QUANTUM_ATTACK
PQC,8192,4748,16739,5264,5472,QUANTUM_SAFE
RSA,2048,438014,203,2827,256,BROKEN_UNDER_QUANTUM_ATTACK
PQC,8192,5897,17287,13123,5468,QUANTUM_SAFE
PQC,8192,2126,8177,13795,5476,QUANTUM_SAFE
PQC,8192,4051,11809,13633,5468,QUANTUM_SAFE
PQC,8192,5472,10449,7832,5468,QUANTUM_SAFE
PQC,8192,2768,19925,10490,5476,QUANTUM_SAFE
RSA,2048,392709,107,2899,256,BROKEN_UNDER_QUANTUM_ATTACK
RSA,2048,493790,157,4006,256,BROKEN_UNDER_QUANTUM_ATTACK
RSA,2048,318619,244,3423,256,BROKEN_UNDER_QUANTUM_ATTACK
PQC,8192,2687,11924,8828,5468,QUANTUM_SAFE
RSA,2048,441648,268,3112,256,BROKEN_UNDER_QUANTUM_ATTACK
RSA,2048,303413,129,2758,256,BROKEN_UNDER_QUANTUM_ATTACK
RSA,2048,491506,351,2844,256,BROKEN_UNDER_QUANTUM_ATTACK
PQC,8192,5331,19083,6638,5468,QUANTUM_SAFE
PQC,8192,3982,5853,9146,5468,QUANTUM_SAFE
PQC,8192,4613,8083,6037,5468,QUANTUM_SAFE
RSA,2048,258308,378,3150,256,BROKEN_UNDER_QUANTUM_ATTACK
RSA,2048,495546,225,2216,256,BROKEN_UNDER_QUANTUM_ATTACK
RSA,2048,488553,376,4203,256,BROKEN_UNDER_QUANTUM_ATTACK
RSA,2048,391028,185,2509,256,BROKEN_UNDER_QUANTUM_ATTACK
RSA,2048,413678,370,2455,256,BROKEN_UNDER_QUANTUM_ATTACK
PQC,8192,4156,14361,11371,5476,QUANTUM_SAFE
RSA,2048,311087,195,3495,256,BROKEN_UNDER_QUANTUM_ATTACK
RSA,2048,488282,346,4849,256,BROKEN_UNDER_QUANTUM_ATTACK
RSA,2048,382503,205,4461,256,BROKEN_UNDER_QUANTUM_ATTACK
RSA,2048,387023,366,2872,256,BROKEN_UNDER_QUANTUM_ATTACK
PQC,8192,3776,14788,12657,5476,QUANTUM_SAFE
RSA,2048,361672,165,4889,256,BROKEN_UNDER_QUANTUM_ATTACK
PQC,8192,5734,12350,11238,5476,QUANTUM_SAFE
PQC,8192,2417,11490,8600,5476,QUANTUM_SAFE
PQC,8192,5643,12544,10569,5476,QUANTUM_SAFE
RSA,2048,325939,184,4614,256,BROKEN_UNDER_QUANTUM_ATTACK
RSA,2048,496823,328,4595,256,BROKEN_UNDER_QUANTUM_ATTACK
RSA,2048,424013,227,3529,256,BROKEN_UNDER_QUANTUM_ATTACK
PQC,8192,3906,8086,13152,5476,QUANTUM_SAFE
RSA,2048,332711,111,3809,256,BROKEN_UNDER_QUANTUM_ATTACK
PQC,8192,4539,12056,6542,5472,QUANTUM_SAFE
PQC,8192,4546,19875,13754,5476,QUANTUM_SAFE
RSA,2048,369119,285,3078,256,BROKEN_UNDER_QUANTUM_ATTACK
PQC,8192,5453,11979,14805,5468,QUANTUM_SAFE
PQC,8192,2320,6342,7832,5468,QUANTUM_SAFE
PQC,8192,5117,10791,13783,5472,QUANTUM_SAFE
RSA,2048,270609,194,4674,256,BROKEN_UNDER_QUANTUM_ATTACK
PQC,8192,5843,12989,14692,5476,QUANTUM_SAFE
PQC,8192,3868,19561,12878,5476,QUANTUM_SAFE
PQC,8192,4065,6816,10854,5472,QUANTUM_SAFE
RSA,2048,361076,127,2713,256,BROKEN_UNDER_QUANTUM_ATTACK
PQC,8192,5854,14122,13915,5468,QUANTUM_SAFE
RSA,2048,261394,234,4068,256,BROKEN_UNDER_QUANTUM_ATTACK
PQC,8192,2775,17218,11869,5468,QUANTUM_SAFE
RSA,2048,333524,335,3969,256,BROKEN_UNDER_QUANTUM_ATTACK
RSA,2048,301047,222,3925,256,BROKEN_UNDER_QUANTUM_ATTACK
RSA,2048,429635,378,4648,256,BROKEN_UNDER_QUANTUM_ATTACK
RSA,2048,415088,203,4151,256,BROKEN_UNDER_QUANTUM_ATTACK
PQC,8192,5359,9014,6686,5472,QUANTUM_SAFE
RSA,2048,336740,264,4052,256,BROKEN_UNDER_QUANTUM_ATTACK
RSA,2048,347624,280,3193,256,BROKEN_UNDER_QUANTUM_ATTACK
PQC,8192,4790,12408,13755,5468,QUANTUM_SAFE
RSA,2048,254000,278,3636,256,BROKEN_UNDER_QUANTUM_ATTACK
PQC,8192,2821,13429,7530,5468,QUANTUM_SAFE
RSA,2048,387924,366,4551,256,BROKEN_UNDER_QUANTUM_ATTACK
PQC,8192,3734,6843,13680,5468,QUANTUM_SAFE
RSA,2048,476577,195,3914,256,BROKEN_UNDER_QUANTUM_ATTACK
RSA,2048,288067,289,3689,256,BROKEN_UNDER_QUANTUM_ATTACK
RSA,2048,266032,250,2146,256,BROKEN_UNDER_QUANTUM_ATTACK
RSA,2048,370307,379,2592,256,BROKEN_UNDER_QUANTUM_ATTACK
PQC,8192,5637,13053,8330,5476,QUANTUM_SAFE
RSA,2048,281653,133,3700,256,BROKEN_UNDER_QUANTUM_ATTACK
RSA,2048,360198,282,4335,256,BROKEN_UNDER_QUANTUM_ATTACK
PQC,8192,3693,19373,8436,5476,QUANTUM_SAFE
PQC,8192,2255,9804,6838,5468,QUANTUM_SAFE
PQC,8192,4426,18489,10546,5476,QUANTUM_SAFE
RSA,2048,493051,312,3249,256,BROKEN_UNDER_QUANTUM_ATTACK
PQC,8192,2919,10342,5005,5472,QUANTUM_SAFE
RSA,2048,411983,116,2392,256,BROKEN_UNDER_QUANTUM_ATTACK
RSA,2048,434294,291,3470,256,BROKEN_UNDER_QUANTUM_ATTACK
PQC,8192,5278,15449,6138,5468,QUANTUM_SAFE
PQC,8192,2894,5514,12294,5468,QUANTUM_SAFE
PQC,8192,3247,18281,6435,5476,QUANTUM_SAFE
RSA,2048,275556,262,3715,256,BROKEN_UNDER_QUANTUM_ATTACK
PQC,8192,3585,8943,12555,5472,QUANTUM_SAFE
PQC,8192,3819,5717,7782,5476,QUANTUM_SAFE
RSA,2048,386321,314,3195,256,BROKEN_UNDER_QUANTUM_ATTACK
PQC,8192,4864,13056,12511,5476,QUANTUM_SAFE
RSA,2048,326898,119,3913,256,BROKEN_UNDER_QUANTUM_ATTACK
RSA,2048,472146,148,3827,256,BROKEN_UNDER_QUANTUM_ATTACK
RSA,2048,490069,216,3177,256,BROKEN_UNDER_QUANTUM_ATTACK
PQC,8192,2437,15357,5770,5476,QUANTUM_SAFE
PQC,8192,3974,14561,13932,5472,QUANTUM_SAFE
PQC,8192,3850,9941,11267,5472,QUANTUM_SAFE
RSA,2048,482601,392,3603,256,BROKEN_UNDER_QUANTUM_ATTACK
RSA,2048,464879,294,2666,256,BROKEN_UNDER_QUANTUM_ATTACK
RSA,2048,306958,254,4537,256,BROKEN_UNDER_QUANTUM_ATTACK
RSA,2048,376071,260,2627,256,BROKEN_UNDER_QUANTUM_ATTACK
PQC,8192,2663,6998,12994,5472,QUANTUM_SAFE
RSA,2048,350158,148,2959,256,BROKEN_UNDER_QUANTUM_ATTACK
PQC,8192,3291,13002,10536,5472,QUANTUM_SAFE
RSA,2048,394832,263,2300,256,BROKEN_UNDER_QUANTUM_ATTACK
RSA,2048,346546,201,4009,256,BROKEN_UNDER_QUANTUM_ATTACK
RSA,2048,458308,257,3574,256,BROKEN_UNDER_QUANTUM_ATTACK
PQC,8192,3774,6531,13172,5472,QUANTUM_SAFE
PQC,8192,3649,6898,9135,5472,QUANTUM_SAFE
PQC,8192,5244,19267,12179,5468,QUANTUM_SAFE
PQC,8192,4830,13234,14135,5476,QUANTUM_SAFE
PQC,8192,3256,8376,10645,5476,QUANTUM_SAFE
PQC,8192,2225,9893,12022,5468,QUANTUM_SAFE
RSA,2048,480594,227,4735,256,BROKEN_UNDER_QUANTUM_ATTACK
RSA,2048,301745,177,3753,256,BROKEN_UNDER_QUANTUM_ATTACK
RSA,2048,477898,158,4863,256,BROKEN_UNDER_QUANTUM_ATTACK
RSA,2048,416183,116,3664,256,BROKEN_UNDER_QUANTUM_ATTACK
RSA,2048,340517,242,2341,256,BROKEN_UNDER_QUANTUM_ATTACK
RSA,2048,365294,198,2699,256,BROKEN_UNDER_QUANTUM_ATTACK
RSA,2048,290042,325,2824,256,BROKEN_UNDER_QUANTUM_ATTACK
RSA,2048,463883,107,4033,256,BROKEN_UNDER_QUANTUM_ATTACK
PQC,8192,2725,13717,13150,5472,QUANTUM_SAFE
PQC,8192,4958,12904,8591,5472,QUANTUM_SAFE
RSA,2048,409937,212,4161,256,BROKEN_UNDER_QUANTUM_ATTACK
RSA,2048,275559,223,2974,256,BROKEN_UNDER_QUANTUM_ATTACK
RSA,2048,359945,150,4826,256,BROKEN_UNDER_QUANTUM_ATTACK
RSA,2048,460706,191,3081,256,BROKEN_UNDER_QUANTUM_ATTACK
PQC,8192,5421,11986,8517,5472,QUANTUM_SAFE
RSA,2048,402499,106,2028,256,BROKEN_UNDER_QUANTUM_ATTACK
RSA,2048,340397,243,4065,256,BROKEN_UNDER_QUANTUM_ATTACK
RSA,2048,299437,364,4367,256,BROKEN_UNDER_QUANTUM_ATTACK
RSA,2048,279192,139,3560,256,BROKEN_UNDER_QUANTUM_ATTACK
RSA,2048,385870,355,2182,256,BROKEN_UNDER_QUANTUM_ATTACK
PQC,8192,5736,16985,11716,5472,QUANTUM_SAFE
PQC,8192,2074,11981,10475,5468,QUANTUM_SAFE
PQC,8192,5687,16197,5984,5468,QUANTUM_SAFE
PQC,8192,5899,9473,7946,5472,QUANTUM_SAFE
PQC,8192,2904,9654,13078,5472,QUANTUM_SAFE
RSA,2048,401878,356,3759,256,BROKEN_UNDER_QUANTUM_ATTACK
RSA,2048,306264,236,2201,256,BROKEN_UNDER_QUANTUM_ATTACK
PQC,8192,2001,17208,11787,5472,QUANTUM_SAFE
RSA,2048,291427,319,2074,256,BROKEN_UNDER_QUANTUM_ATTACK
RSA,2048,406497,161,4263,256,BROKEN_UNDER_QUANTUM_ATTACK
RSA,2048,332986,143,2284,256,BROKEN_UNDER_QUANTUM_ATTACK
RSA,2048,317172,212,4999,256,BROKEN_UNDER_QUANTUM_ATTACK
PQC,8192,5581,16649,12554,5468,QUANTUM_SAFE
PQC,8192,3049,18568,6276,5476,QUANTUM_SAFE
PQC,8192,5138,17111,12693,5468,QUANTUM_SAFE
PQC,8192,4178,15592,8864,5472,QUANTUM_SAFE
PQC,8192,2037,19663,10370,5468,QUANTUM_SAFE
PQC,8192,3364,13320,14206,5468,QUANTUM_SAFE
PQC,8192,4315,16849,5007,5468,QUANTUM_SAFE
RSA,2048,378376,382,4680,256,BROKEN_UNDER_QUANTUM_ATTACK
RSA,2048,433155,197,2197,256,BROKEN_UNDER_QUANTUM_ATTACK
RSA,2048,454581,309,2474,256,BROKEN_UNDER_QUANTUM_ATTACK
RSA,2048,470411,374,4492,256,BROKEN_UNDER_QUANTUM_ATTACK
PQC,8192,4196,16015,12397,5472,QUANTUM_SAFE
PQC,8192,2703,13133,5574,5468,QUANTUM_SAFE
RSA,2048,471807,159,2880,256,BROKEN_UNDER_QUANTUM_ATTACK
RSA,2048,414231,262,2418,256,BROKEN_UNDER_QUANTUM_ATTACK
PQC,8192,2019,7368,11655,5472,QUANTUM_SAFE
PQC,8192,2114,13808,8974,5472,QUANTUM_SAFE
RSA,2048,396295,145,4597,256,BROKEN_UNDER_QUANTUM_ATTACK
RSA,2048,350689,272,2671,256,BROKEN_UNDER_QUANTUM_ATTACK
PQC,8192,3841,18208,13716,5472,QUANTUM_SAFE
PQC,8192,4079,19726,7324,5472,QUANTUM_SAFE
PQC,8192,5778,7896,5988,5468,QUANTUM_SAFE
RSA,2048,264489,349,2673,256,BROKEN_UNDER_QUANTUM_ATTACK
RSA,2048,320031,241,2971,256,BROKEN_UNDER_QUANTUM_ATTACK
PQC,8192,3473,9300,11269,5476,QUANTUM_SAFE
RSA,2048,383715,349,2874,256,BROKEN_UNDER_QUANTUM_ATTACK
PQC,8192,5353,9158,8925,5476,QUANTUM_SAFE
PQC,8192,5359,9873,9806,5468,QUANTUM_SAFE
RSA,2048,434402,209,4994,256,BROKEN_UNDER_QUANTUM_ATTACK
PQC,8192,4711,9853,11212,5468,QUANTUM_SAFE
RSA,2048,354185,109,3781,256,BROKEN_UNDER_QUANTUM_ATTACK
PQC,8192,4666,14206,9431,5476,QUANTUM_SAFE
PQC,8192,4009,13433,12380,5468,QUANTUM_SAFE
PQC,8192,5831,14433,13381,5468,QUANTUM_SAFE
RSA,2048,333986,122,4460,256,BROKEN_UNDER_QUANTUM_ATTACK
RSA,2048,406755,210,2250,256,BROKEN_UNDER_QUANTUM_ATTACK
RSA,2048,425695,315,2338,256,BROKEN_UNDER_QUANTUM_ATTACK
PQC,8192,2141,7659,9596,5472,QUANTUM_SAFE
PQC,8192,2848,18395,8432,5468,QUANTUM_SAFE
PQC,8192,5521,6524,7120,5468,QUANTUM_SAFE
RSA,2048,331537,392,3043,256,BROKEN_UNDER_QUANTUM_ATTACK
PQC,8192,2054,13038,9873,5472,QUANTUM_SAFE
RSA,2048,288044,114,2064,256,BROKEN_UNDER_QUANTUM_ATTACK
PQC,8192,5118,5726,7736,5468,QUANTUM_SAFE
PQC,8192,5197,16714,9268,5468,QUANTUM_SAFE
RSA,2048,316707,242,2943,256,BROKEN_UNDER_QUANTUM_ATTACK
PQC,8192,4884,18472,14200,5476,QUANTUM_SAFE
PQC,8192,5747,8040,14654,5472,QUANTUM_SAFE
PQC,8192,4007,19294,13519,5472,QUANTUM_SAFE
RSA,2048,451864,175,3570,256,BROKEN_UNDER_QUANTUM_ATTACK
PQC,8192,4056,11917,8144,5476,QUANTUM_SAFE
RSA,2048,460183,390,4143,256,BROKEN_UNDER_QUANTUM_ATTACK
PQC,8192,3906,11614,14358,5472,QUANTUM_SAFE
RSA,2048,471165,172,2398,256,BROKEN_UNDER_QUANTUM_ATTACK
RSA,2048,378301,110,3085,256,BROKEN_UNDER_QUANTUM_ATTACK
RSA,2048,339599,263,3136,256,BROKEN_UNDER_QUANTUM_ATTACK
PQC,8192,3731,13259,5987,5472,QUANTUM_SAFE
PQC,8192,3799,17254,7708,5468,QUANTUM_SAFE
RSA,2048,452040,264,4361,256,BROKEN_UNDER_QUANTUM_ATTACK
RSA,2048,360350,376,2140,256,BROKEN_UNDER_QUANTUM_ATTACK
RSA,2048,430302,272,4514,256,BROKEN_UNDER_QUANTUM_ATTACK
PQC,8192,2580,12004,13130,5472,QUANTUM_SAFE
RSA,2048,410831,304,4768,256,BROKEN_UNDER_QUANTUM_ATTACK
RSA,2048,453339,108,2953,256,BROKEN_UNDER_QUANTUM_ATTACK
PQC,8192,2713,14127,11047,5472,QUANTUM_SAFE
RSA,2048,297924,272,4969,256,BROKEN_UNDER_QUANTUM_ATTACK
PQC,8192,3416,16185,11938,5472,QUANTUM_SAFE
RSA,2048,464176,121,4300,256,BROKEN_UNDER_QUANTUM_ATTACK
PQC,8192,4840,19115,13906,5476,QUANTUM_SAFE
PQC,8192,4571,7322,14828,5476,QUANTUM_SAFE
PQC,8192,2536,11288,8596,5468,QUANTUM_SAFE
RSA,2048,350102,271,3399,256,BROKEN_UNDER_QUANTUM_ATTACK
PQC,8192,5212,14181,7482,5476,QUANTUM_SAFE
PQC,8192,5234,14444,9356,5476,QUANTUM_SAFE
PQC,8192,3579,14032,10347,5476,QUANTUM_SAFE
PQC,8192,4798,18467,12311,5472,QUANTUM_SAFE
PQC,8192,2071,17052,13465,5472,QUANTUM_SAFE
RSA,2048,348506,283,2122,256,BROKEN_UNDER_QUANTUM_ATTACK
PQC,8192,3430,6792,10732,5468,QUANTUM_SAFE
RSA,2048,453481,143,2161,256,BROKEN_UNDER_QUANTUM_ATTACK
RSA,2048,478576,333,2683,256,BROKEN_UNDER_QUANTUM_ATTACK
RSA,2048,379350,185,4336,256,BROKEN_UNDER_QUANTUM_ATTACK
PQC,8192,5146,5412,12543,5468,QUANTUM_SAFE
PQC,8192,5908,7849,12390,5472,QUANTUM_SAFE
RSA,2048,427804,267,4217,256,BROKEN_UNDER_QUANTUM_ATTACK
RSA,2048,274070,236,4930,256,BROKEN_UNDER_QUANTUM_ATTACK
PQC,8192,2920,7376,8009,5476,QUANTUM_SAFE
PQC,8192,2935,19222,7708,5476,QUANTUM_SAFE
PQC,8192,4616,6062,7156,5468,QUANTUM_SAFE
PQC,8192,4235,13571,13684,5468,QUANTUM_SAFE
PQC,8192,4474,8249,14110,5472,QUANTUM_SAFE
RSA,2048,300859,317,3695,256,BROKEN_UNDER_QUANTUM_ATTACK
RSA,2048,391467,148,2966,256,BROKEN_UNDER_QUANTUM_ATTACK
RSA,2048,409841,154,4670,256,BROKEN_UNDER_QUANTUM_ATTACK
RSA,2048,351520,127,4113,256,BROKEN_UNDER_QUANTUM_ATTACK
PQC,8192,2883,19549,10774,5468,QUANTUM_SAFE
PQC,8192,2446,7113,10879,5472,QUANTUM_SAFE
RSA,2048,437563,319,4205,256,BROKEN_UNDER_QUANTUM_ATTACK
PQC,8192,5569,6252,9203,5476,QUANTUM_SAFE
RSA,2048,400334,147,2336,256,BROKEN_UNDER_QUANTUM_ATTACK
PQC,8192,4397,15229,10439,5472,QUANTUM_SAFE
PQC,8192,5847,17199,11891,5476,QUANTUM_SAFE
RSA,2048,334082,285,3346,256,BROKEN_UNDER_QUANTUM_ATTACK
PQC,8192,4761,7679,7106,5472,QUANTUM_SAFE
RSA,2048,381374,226,2055,256,BROKEN_UNDER_QUANTUM_ATTACK
RSA,2048,428677,244,3224,256,BROKEN_UNDER_QUANTUM_ATTACK
PQC,8192,4593,17328,11450,5476,QUANTUM_SAFE
PQC,8192,5272,8516,14250,5468,QUANTUM_SAFE
PQC,8192,5041,5105,14078,5468,QUANTUM_SAFE
RSA,2048,411426,119,4094,256,BROKEN_UNDER_QUANTUM_ATTACK
RSA,2048,310279,392,3863,256,BROKEN_UNDER_QUANTUM_ATTACK
RSA,2048,355432,213,4837,256,BROKEN_UNDER_QUANTUM_ATTACK
RSA,2048,387541,217,4883,256,BROKEN_UNDER_QUANTUM_ATTACK
RSA,2048,372721,109,3428,256,BROKEN_UNDER_QUANTUM_ATTACK
RSA,2048,322474,276,3484,256,BROKEN_UNDER_QUANTUM_ATTACK
RSA,2048,290809,126,2645,256,BROKEN_UNDER_QUANTUM_ATTACK
RSA,2048,276170,346,3560,256,BROKEN_UNDER_QUANTUM_ATTACK
RSA,2048,362547,246,4911,256,BROKEN_UNDER_QUANTUM_ATTACK
PQC,8192,5177,12730,7180,5468,QUANTUM_SAFE
PQC,8192,4739,10401,6761,5476,QUANTUM_SAFE
PQC,8192,4802,15147,5793,5476,QUANTUM_SAFE
RSA,2048,315155,363,4972,256,BROKEN_UNDER_QUANTUM_ATTACK
PQC,8192,4345,10047,13227,5472,QUANTUM_SAFE
RSA,2048,493286,397,2939,256,BROKEN_UNDER_QUANTUM_ATTACK
PQC,8192,5818,5556,14017,5468,QUANTUM_SAFE
RSA,2048,283997,111,2489,256,BROKEN_UNDER_QUANTUM_ATTACK
RSA,2048,474372,223,4446,256,BROKEN_UNDER_QUANTUM_ATTACK
PQC,8192,4419,14126,8042,5472,QUANTUM_SAFE
PQC,8192,2097,16407,8750,5472,QUANTUM_SAFE
RSA,2048,472084,164,4260,256,BROKEN_UNDER_QUANTUM_ATTACK
PQC,8192,3098,12027,6823,5472,QUANTUM_SAFE
PQC,8192,2123,11144,10063,5476,QUANTUM_SAFE
RSA,2048,483619,217,2341,256,BROKEN_UNDER_QUANTUM_ATTACK
RSA,2048,259686,385,2115,256,BROKEN_UNDER_QUANTUM_ATTACK
PQC,8192,3409,17249,5784,5468,QUANTUM_SAFE
RSA,2048,314288,201,3415,256,BROKEN_UNDER_QUANTUM_ATTACK
PQC,8192,4105,8627,11316,5468,QUANTUM_SAFE
PQC,8192,2359,16139,14911,5468,QUANTUM_SAFE
RSA,2048,363175,326,3828,256,BROKEN_UNDER_QUANTUM_ATTACK
RSA,2048,474884,241,4019,256,BROKEN_UNDER_QUANTUM_ATTACK
PQC,8192,2390,17045,9430,5468,QUANTUM_SAFE
PQC,8192,4923,10301,9186,5472,QUANTUM_SAFE
RSA,2048,475732,246,2546,256,BROKEN_UNDER_QUANTUM_ATTACK
RSA,2048,292533,210,2991,256,BROKEN_UNDER_QUANTUM_ATTACK
PQC,8192,4697,12638,12993,5476,QUANTUM_SAFE
RSA,2048,422886,227,4238,256,BROKEN_UNDER_QUANTUM_ATTACK
RSA,2048,390180,192,3496,256,BROKEN_UNDER_QUANTUM_ATTACK
RSA,2048,483226,277,3276,256,BROKEN_UNDER_QUANTUM_ATTACK
PQC,8192,4523,10182,14916,5468,QUANTUM_SAFE
RSA,2048,345665,233,4258,256,BROKEN_UNDER_QUANTUM_ATTACK
RSA,2048,328222,262,4625,256,BROKEN_UNDER_QUANTUM_ATTACK
RSA,2048,365668,260,2127,256,BROKEN_UNDER_QUANTUM_ATTACK
PQC,8192,4385,16111,9736,5476,QUANTUM_SAFE
PQC,8192,2236,6304,12368,5472,QUANTUM_SAFE
RSA,2048,367407,142,2253,256,BROKEN_UNDER_QUANTUM_ATTACK
RSA,2048,436987,238,4909,256,BROKEN_UNDER_QUANTUM_ATTACK
RSA,2048,462484,360,2053,256,BROKEN_UNDER_QUANTUM_ATTACK
PQC,8192,2902,18643,12005,5468,QUANTUM_SAFE
PQC,8192,2730,9263,13801,5468,QUANTUM_SAFE
RSA,2048,355823,104,3518,256,BROKEN_UNDER_QUANTUM_ATTACK
RSA,2048,435763,257,3681,256,BROKEN_UNDER_QUANTUM_ATTACK
PQC,8192,2333,6908,13567,5476,QUANTUM_SAFE
PQC,8192,5338,12010,12117,5472,QUANTUM_SAFE
PQC,8192,4547,16139,8959,5472,QUANTUM_SAFE
RSA,2048,395639,120,3573,256,BROKEN_UNDER_QUANTUM_ATTACK
RSA,2048,286041,245,2914,256,BROKEN_UNDER_QUANTUM_ATTACK
RSA,2048,282174,175,4221,256,BROKEN_UNDER_QUANTUM_ATTACK
RSA,2048,496100,357,4010,256,BROKEN_UNDER_QUANTUM_ATTACK
RSA,2048,309129,135,2750,256,BROKEN_UNDER_QUANTUM_ATTACK
PQC,8192,2469,9882,11012,5468,QUANTUM_SAFE
RSA,2048,314484,388,3277,256,BROKEN_UNDER_QUANTUM_ATTACK
PQC,8192,5465,10988,7504,5476,QUANTUM_SAFE
RSA,2048,334730,350,3326,256,BROKEN_UNDER_QUANTUM_ATTACK
RSA,2048,344758,199,3312,256,BROKEN_UNDER_QUANTUM_ATTACK
PQC,8192,3547,5294,10343,5468,QUANTUM_SAFE
RSA,2048,476006,181,2989,256,BROKEN_UNDER_QUANTUM_ATTACK
PQC,8192,4448,9719,7814,5476,QUANTUM_SAFE
RSA,2048,326213,363,4074,256,BROKEN_UNDER_QUANTUM_ATTACK
RSA,2048,479306,321,2040,256,BROKEN_UNDER_QUANTUM_ATTACK
RSA,2048,326125,194,4870,256,BROKEN_UNDER_QUANTUM_ATTACK
RSA,2048,312987,115,3152,256,BROKEN_UNDER_QUANTUM_ATTACK
PQC,8192,2713,9178,12245,5468,QUANTUM_SAFE
RSA,2048,382822,297,3223,256,BROKEN_UNDER_QUANTUM_ATTACK
PQC,8192,2092,5671,11777,5476,QUANTUM_SAFE
RSA,2048,428274,332,3060,256,BROKEN_UNDER_QUANTUM_ATTACK
PQC,8192,5597,14374,8223,5476,QUANTUM_SAFE
PQC,8192,5025,12179,6560,5468,QUANTUM_SAFE
PQC,8192,3772,6065,7136,5472,QUANTUM_SAFE
RSA,2048,356530,305,3955,256,BROKEN_UNDER_QUANTUM_ATTACK
PQC,8192,4003,14499,8192,5476,QUANTUM_SAFE
PQC,8192,2753,7082,13967,5468,QUANTUM_SAFE
RSA,2048,371958,370,3130,256,BROKEN_UNDER_QUANTUM_ATTACK
RSA,2048,354101,313,3013,256,BROKEN_UNDER_QUANTUM_ATTACK
PQC,8192,4548,5116,7433,5476,QUANTUM_SAFE
RSA,2048,459729,387,4774,256,BROKEN_UNDER_QUANTUM_ATTACK
RSA,2048,293303,394,2615,256,BROKEN_UNDER_QUANTUM_ATTACK
RSA,2048,313870,167,3901,256,BROKEN_UNDER_QUANTUM_ATTACK
RSA,2048,275537,364,3026,256,BROKEN_UNDER_QUANTUM_ATTACK
PQC,8192,3640,18239,12490,5476,QUANTUM_SAFE
RSA,2048,400949,141,4068,256,BROKEN_UNDER_QUANTUM_ATTACK
PQC,8192,3659,18686,6531,5476,QUANTUM_SAFE
RSA,2048,377157,322,2822,256,BROKEN_UNDER_QUANTUM_ATTACK
RSA,2048,389783,178,3050,256,BROKEN_UNDER_QUANTUM_ATTACK
RSA,2048,274538,134,2960,256,BROKEN_UNDER_QUANTUM_ATTACK
RSA,2048,418011,364,4502,256,BROKEN_UNDER_QUANTUM_ATTACK
RSA,2048,405289,232,2226,256,BROKEN_UNDER_QUANTUM_ATTACK
RSA,2048,469724,215,2917,256,BROKEN_UNDER_QUANTUM_ATTACK
RSA,2048,332566,250,4283,256,BROKEN_UNDER_QUANTUM_ATTACK
RSA,2048,403686,200,3031,256,BROKEN_UNDER_QUANTUM_ATTACK
PQC,8192,2431,18027,10469,5476,QUANTUM_SAFE
RSA,2048,323609,292,2021,256,BROKEN_UNDER_QUANTUM_ATTACK
RSA,2048,442860,280,3559,256,BROKEN_UNDER_QUANTUM_ATTACK
RSA,2048,293950,117,4196,256,BROKEN_UNDER_QUANTUM_ATTACK
RSA,2048,480983,159,4477,256,BROKEN_UNDER_QUANTUM_ATTACK
PQC,8192,4243,7645,9612,5476,QUANTUM_SAFE
RSA,2048,378563,211,2593,256,BROKEN_UNDER_QUANTUM_ATTACK
RSA,2048,362816,366,2852,256,BROKEN_UNDER_QUANTUM_ATTACK
PQC,8192,4717,15524,9524,5468,QUANTUM_SAFE
PQC,8192,5868,8537,9558,5476,QUANTUM_SAFE
RSA,2048,350158,154,4418,256,BROKEN_UNDER_QUANTUM_ATTACK
PQC,8192,5347,10895,12115,5468,QUANTUM_SAFE
PQC,8192,3942,14865,7219,5472,QUANTUM_SAFE
PQC,8192,3914,10189,7472,5476,QUANTUM_SAFE
RSA,2048,410081,174,4326,256,BROKEN_UNDER_QUANTUM_ATTACK
RSA,2048,440546,198,2148,256,BROKEN_UNDER_QUANTUM_ATTACK
RSA,2048,255408,330,2922,256,BROKEN_UNDER_QUANTUM_ATTACK
RSA,2048,480156,280,4207,256,BROKEN_UNDER_QUANTUM_ATTACK
PQC,8192,2185,14461,9732,5476,QUANTUM_SAFE
RSA,2048,370312,160,2137,256,BROKEN_UNDER_QUANTUM_ATTACK
PQC,8192,4068,18393,8670,5472,QUANTUM_SAFE
PQC,8192,5190,9491,6555,5468,QUANTUM_SAFE
RSA,2048,250526,252,4781,256,BROKEN_UNDER_QUANTUM_ATTACK
PQC,8192,4870,12079,12987,5468,QUANTUM_SAFE
PQC,8192,4445,16486,9729,5468,QUANTUM_SAFE
RSA,2048,415814,319,2269,256,BROKEN_UNDER_QUANTUM_ATTACK
PQC,8192,3160,18046,13434,5476,QUANTUM_SAFE
RSA,2048,360687,321,4532,256,BROKEN_UNDER_QUANTUM_ATTACK
RSA,2048,326329,387,3190,256,BROKEN_UNDER_QUANTUM_ATTACK
RSA,2048,253712,188,4772,256,BROKEN_UNDER_QUANTUM_ATTACK
RSA,2048,377556,274,3584,256,BROKEN_UNDER_QUANTUM_ATTACK
PQC,8192,3430,9183,13652,5472,QUANTUM_SAFE
PQC,8192,3938,19494,8390,5472,QUANTUM_SAFE
RSA,2048,455342,119,3681,256,BROKEN_UNDER_QUANTUM_ATTACK
PQC,8192,5219,6762,12101,5476,QUANTUM_SAFE
RSA,2048,358099,166,2232,256,BROKEN_UNDER_QUANTUM_ATTACK
PQC,8192,5464,6931,14204,5468,QUANTUM_SAFE
PQC,8192,3386,16968,7866,5468,QUANTUM_SAFE
RSA,2048,343808,353,4028,256,BROKEN_UNDER_QUANTUM_ATTACK
RSA,2048,289922,104,3953,256,BROKEN_UNDER_QUANTUM_ATTACK
RSA,2048,305204,274,4020,256,BROKEN_UNDER_QUANTUM_ATTACK
RSA,2048,434423,353,4557,256,BROKEN_UNDER_QUANTUM_ATTACK
